first_name,last_name,email,gender,CompanyId
Miguela,McGucken,mmcgucken0@pbs.org,M,5
Happy,Mugg,hmugg1@phoca.cz,M,3
Silvie,Pearl,spearl2@virginia.edu,F,1
Selina,Ropars,sropars3@imdb.com,M,5
Karlotta,Torrance,ktorrance4@cdc.gov,F,3
Hermie,McCard,hmccard5@disqus.com,F,2
Grantham,Blum,gblum6@telegraph.co.uk,M,4
Marice,Berryann,mberryann7@addthis.com,M,2
Iris,Eagland,ieagland8@msu.edu,F,1
Dorris,Curcher,dcurcher9@bing.com,M,5
